{
    "_vcs_DPI_package": [
        "_vcs_DPI_package",
        "uM9F1",
        "module",
        1
    ],
    "vcs_paramclassrepository": [
        "vcs_paramclassrepository",
        "hEeZs",
        "module",
        2
    ],
    "_vcs_unit__583556841": [
        "_vcs_unit__583556841",
        "nfBez",
        "module",
        3
    ],
    "std": [
        "std",
        "reYIK",
        "module",
        4
    ],
    "uvm_pkg": [
        "uvm_pkg",
        "zr7M1",
        "module",
        5
    ],
    "AHBLite_APB_Bridge": [
        "AHBLite_APB_Bridge",
        "s6cna",
        "module",
        6
    ],
    "ahb2apb_interface": [
        "ahb2apb_interface",
        "jLDsa",
        "module",
        7
    ],
    "tb": [
        "tb",
        "g7hgQ",
        "module",
        8
    ],
    "...MASTER...": [
        "SIM",
        "amcQw",
        "module",
        9
    ]
}